"","rowID","IMB211_SHADE_1_INTERNODE","IMB211_SHADE_1_LEAF","IMB211_SHADE_1_ROOT","IMB211_SHADE_1_SEEDLING","IMB211_SHADE_1_SILIQUE","IMB211_SHADE_2_INTERNODE","IMB211_SHADE_2_LEAF","IMB211_SHADE_2_ROOT","IMB211_SHADE_2_SEEDLING","IMB211_SHADE_2_SILIQUE","IMB211_SHADE_3_LEAF","IMB211_SHADE_3_ROOT","IMB211_SHADE_3_SEEDLING","IMB211_SHADE_3_SILIQUE","IMB211_SUN_1_INTERNODE","IMB211_SUN_1_LEAF","IMB211_SUN_1_ROOT","IMB211_SUN_1_SEEDLING","IMB211_SUN_1_SILIQUE","IMB211_SUN_2_INTERNODE","IMB211_SUN_2_LEAF","IMB211_SUN_2_ROOT","IMB211_SUN_2_SEEDLING","IMB211_SUN_2_SILIQUE","IMB211_SUN_3_INTERNODE","IMB211_SUN_3_LEAF","IMB211_SUN_3_ROOT","IMB211_SUN_3_SEEDLING","IMB211_SUN_3_SILIQUE","R500_SHADE_1_INTERNODE","R500_SHADE_1_LEAF","R500_SHADE_1_ROOT","R500_SHADE_1_SEEDLING","R500_SHADE_1_SILIQUE","R500_SHADE_2_INTERNODE","R500_SHADE_2_LEAF","R500_SHADE_2_ROOT","R500_SHADE_2_SEEDLING","R500_SHADE_2_SILIQUE","R500_SHADE_3_INTERNODE","R500_SHADE_3_LEAF","R500_SHADE_3_ROOT","R500_SHADE_3_SEEDLING","R500_SHADE_3_SILIQUE","R500_SUN_1_INTERNODE","R500_SUN_1_LEAF","R500_SUN_1_ROOT","R500_SUN_1_SEEDLING","R500_SUN_1_SILIQUE","R500_SUN_2_INTERNODE","R500_SUN_2_LEAF","R500_SUN_2_ROOT","R500_SUN_2_SEEDLING","R500_SUN_2_SILIQUE","R500_SUN_3_INTERNODE","R500_SUN_3_LEAF","R500_SUN_3_ROOT","R500_SUN_3_SEEDLING","R500_SUN_3_SILIQUE","Likelihood","ordering","FDR.DE","FWER.DE"
"Bra037120",23507,137,100,129,119,147,70,266,117,79,116,0,116,191,195,122,9,137,149,93,94,176,2618,180,120,129,245,85,191,114,150,21,116,130,226,132,54,200,147,140,145,59,206,86,99,0,75,170,177,102,149,43,244,113,87,110,72,195,169,214,0.999999986262026,"2>1",1.37379742026766e-08,1.37379742026766e-08
"Bra003148",2091,2,2,3,2,2,0,8,7,0,11,0,4,4,3,0,0,4,1,1,3,1,1887,1,2,0,4,1,10,1,0,2,3,0,5,4,2,1,4,1,1,1,2,0,1,0,2,6,2,1,1,0,13,2,2,2,2,7,1,14,0.999999969172365,"2>1",2.22828046569923e-08,4.45656088698954e-08
"Bra016733",11033,28,25,12,8,47,13,47,90,1,181,0,21,21,46,28,0,20,20,64,9,64,5084,27,71,42,51,36,75,281,22,6,38,5,36,26,4,32,16,13,24,2,57,21,18,0,6,32,7,81,11,0,27,17,90,5,5,30,20,51,0.999999926626802,"2>1",3.93129358326287e-08,1.1793880383415e-07
"Bra025520",16402,83,37,91,65,88,32,69,211,52,92,0,98,96,94,54,6,98,62,39,38,51,3518,100,36,69,76,68,115,55,118,9,81,44,116,117,44,122,111,54,108,20,133,68,51,0,61,94,92,66,96,35,149,82,74,65,23,136,112,90,0.999999890841372,"2>1",5.67743589086067e-08,2.27097419092104e-07
"Bra034592",22017,116,90,199,196,152,51,194,298,219,200,0,181,307,147,133,10,278,196,129,103,185,5498,173,205,125,199,121,975,159,242,101,242,156,242,118,144,239,124,116,235,77,401,119,88,0,105,246,128,87,118,31,210,98,98,90,48,211,181,293,0.999999858058639,"2>1",7.38077592377095e-08,3.69038747338735e-07
"Bra038641",24388,137,50,113,60,917,70,196,69,35,61,0,121,87,1474,111,25,95,77,114,129,77,38,48,79,182,127,54,70,44,64,58,95,30,1669,61,13,104,46,734,38,30,160,23,893,0,40,103,62,38,93,27,117,52,153,79,48,113,53,122,0.999999490605392,"1>2",1.4640556739165e-07,8.78433167539328e-07
"Bra000340",226,28,5,5,20,5,6,19,3,8,80,0,15,31,8,18,3,9,11,12,43,6,4,22,17,33,7,22,19,11,1008,7,22,51,29,88,2,25,22,13,1183,6,24,10,5,0,8,20,16,14,78,7,45,5,22,40,6,10,23,51,0.999998922973316,"1>2",2.79351441169671e-07,1.95545890535609e-06
"Bra036392",23075,43,8,31,9,134,27,49,30,15,10,0,51,14,181,19,10,36,23,11,38,23,14,13,10,51,33,9,23,16,17,17,41,19,912,42,5,50,11,306,17,9,49,8,1112,0,15,45,23,8,51,10,50,11,23,34,7,40,28,125,0.999998893242763,"1>2",3.82777165686132e-07,3.06221397838868e-06
"Bra028972",18595,12,12,15,30,47,4,13,106,22,77,0,9,73,37,7,1,7,68,5,12,17,2678,255,26,14,34,13,54,20,44,8,46,23,66,18,2,15,13,41,41,3,8,56,10,0,1,1,6,176,8,0,21,27,124,8,5,2,15,233,0.999998648652312,"2>1",4.90396112606817e-07,4.4135575282267e-06
"Bra033900",21616,6,10,6,3,12,1,12,10,1,18,0,13,6,28,3,1,8,4,5,5,8,1069,3,0,4,16,10,7,5,3,3,2,5,23,5,0,8,3,7,0,5,7,2,2,0,0,10,7,7,2,0,14,3,3,3,3,8,11,13,0.999998351712088,"2>1",6.06185292539863e-07,6.06183816531658e-06
"Bra026515",17072,120,166,159,179,168,62,241,897,60,487,0,149,560,223,268,11,166,172,133,151,455,15314,622,287,162,368,189,154,478,187,25,194,250,380,160,25,291,228,148,234,28,538,195,82,0,198,376,205,77,163,79,381,291,61,27,113,367,255,362,0.999998320205965,"2>1",7.03786087307246e-07,7.74162201766515e-06
"Bra028487",18272,14,3,40,11,13,10,9,55,8,82,0,45,7,7,11,4,72,19,4,10,17,3084,17,18,19,10,25,19,46,41,0,55,25,42,29,13,83,27,17,26,10,66,26,5,0,2,57,27,22,33,3,69,26,13,23,1,76,44,54,0.999998003378441,"2>1",8.11522376649905e-07,9.73822812000424e-06
"Bra034611",29389,27,59,54,67,6,17,117,425,18,315,0,89,210,16,83,25,146,196,27,49,103,11361,473,44,101,137,91,109,106,17,22,60,36,33,16,28,68,41,4,13,17,63,18,5,0,20,97,41,1,8,10,57,81,4,6,15,91,58,23,0.999995546657627,"2>1",1.09166237640166e-06,1.41915271257842e-05
"Bra034996",22241,342,119,267,162,254,199,285,474,104,216,0,215,355,293,480,18,215,202,141,333,274,4383,254,191,316,323,170,330,98,283,79,412,186,235,178,57,413,191,163,289,93,617,186,88,0,111,464,145,81,232,78,473,162,110,180,209,362,174,300,0.999994568854871,"2>1",1.40162543013237e-06,1.96225951781814e-05
"Bra040159",25274,37,29,69,84,15,4,41,225,40,137,0,57,183,9,18,5,82,212,29,40,23,6421,262,46,63,78,23,242,4,90,7,48,63,10,2,18,24,30,8,98,3,68,18,5,0,3,23,47,26,0,4,72,86,16,1,14,32,80,26,0.999994139182157,"2>1",1.69890492429658e-06,2.54832980163266e-05
"Bra008267",5468,15,12,48,17,14,11,17,231,22,83,0,24,75,24,5,0,24,62,19,2,8,3359,50,26,7,15,40,191,21,63,11,21,13,27,5,8,38,6,8,62,4,57,10,6,0,5,54,8,9,4,2,54,6,7,8,4,40,14,22,0.999993242756752,"2>1",2.01505106952465e-06,3.224036906746e-05
"Bra039316",24774,0,9,8,3,0,0,37,17,1,9,0,4,34,1,1,3,15,80,3,0,17,4173,80,3,1,15,22,35,2,16,0,8,1,3,1,13,0,7,1,3,0,12,11,0,0,2,2,1,0,0,2,2,3,0,2,2,2,8,2,0.999991880523674,"2>1",2.37413490813148e-06,4.03595836183657e-05
"Bra015120",9964,23,13,97,8,24,5,24,437,7,64,0,121,30,24,17,8,107,32,12,32,35,6712,64,24,27,37,60,94,28,17,9,65,10,63,15,8,48,12,25,10,6,87,8,31,0,7,87,4,14,13,6,75,11,9,8,18,74,2,34,0.999990480109556,"2>1",2.77112132681297e-06,4.9879089843885e-05
"Bra020176",28207,10,3,20,2,3,4,8,166,8,22,0,17,19,3,35,1,10,8,3,38,3,2617,12,0,19,4,7,5,0,8,1,13,4,5,11,1,8,1,5,5,4,16,1,1,0,3,5,1,5,6,1,44,0,4,1,5,13,2,28,0.999989731933107,"2>1",3.16569740923066e-06,6.01466445748766e-05
"Bra038084",24089,191,74,147,134,210,105,201,270,143,140,0,154,226,236,216,15,129,134,109,122,155,1643,130,178,133,201,89,289,183,153,80,116,150,262,204,84,191,200,193,124,102,197,118,117,0,140,174,190,155,173,81,234,155,191,131,125,194,230,261,0.999985832943789,"2>1",3.71576534929918e-06,7.43128486845324e-05
"Bra019280",12600,1,4,1,4,1,1,0,2,0,0,0,0,2,13,1,0,0,3,0,0,0,1,0,0,2,0,2413,12,3,1,0,13,5,17,0,0,2,6,10,0,0,15,2,4,0,0,6,1,334,0,0,16,2,1091,0,1,1,15,36,0.999985464728747,"2>1",4.23097991616069e-06,8.88470397805152e-05
"Bra003373",2256,23,3,30,19,10,10,3,85,29,125,0,16,34,13,36,3,42,15,42,35,10,3798,135,38,21,11,21,33,12,76,11,27,33,144,109,0,22,13,15,83,6,39,30,9,0,2,24,10,15,128,4,28,15,12,47,3,55,17,95,0.999982619235723,"2>1",4.82869738708965e-06,0.000106226259827702
"Bra006277",4187,92,70,68,117,87,41,205,137,98,154,0,56,187,122,101,25,79,96,33,100,70,2238,149,23,66,93,91,204,34,193,24,83,191,110,169,33,106,159,46,222,65,105,167,64,0,41,83,139,14,293,40,198,109,16,164,62,99,110,33,0.999976224174953,"2>1",5.65248554619595e-06,0.000129999559257299
"Bra016514",10875,71,58,23,55,24,37,84,62,22,59,0,18,97,33,65,8,25,61,7,65,50,1324,75,23,42,68,29,90,13,58,14,25,36,45,91,36,45,54,32,50,43,35,28,12,0,40,66,46,62,124,21,42,40,53,54,73,43,39,123,0.999974758420445,"2>1",6.46869779656149e-06,0.000155237857418
"Bra013770",9147,249,155,328,221,217,115,435,744,174,191,0,398,383,216,186,33,261,220,175,180,191,5246,232,294,231,357,151,336,342,243,162,259,202,178,213,88,452,270,121,228,170,561,179,88,0,187,537,346,166,218,85,398,215,139,103,189,420,360,312,0.99997327318541,"2>1",7.27902246829615e-06,0.000181960522994462
"Bra026124",16805,12,34,30,54,9,15,47,499,26,2528,0,33,714,16,45,25,27,190,14,43,202,53075,2171,419,34,215,177,223,76,71,21,85,116,50,22,18,53,27,22,159,25,67,151,13,0,20,207,58,7,17,10,142,98,10,11,43,43,51,24,0.999949422484969,"2>1",8.94434910531948e-06,0.000232528834914314
"Bra019718",12833,58,34,73,73,121,45,76,48,36,44,0,97,78,144,86,3,105,60,77,67,65,25,42,78,61,48,140,148,79,83,27,103,1498,89,118,209,138,880,64,106,112,115,2092,56,0,139,117,268,39,132,97,165,140,79,267,91,96,205,94,0.999942949626025,"1>2",1.07260537301171e-05,0.0002895659430322
"Bra003714",2501,8,27,3,42,5,2,59,238,85,80,0,2,108,8,5,0,1,18,12,7,14,6456,27,24,7,32,5,169,15,18,11,0,8,7,4,25,1,9,4,27,10,2,4,3,0,4,2,2,4,5,0,0,7,1,1,16,3,6,4,0.999933629045609,"2>1",1.27133716108468e-05,0.000355917678654727
"Bra007775",5194,119,24,85,37,902,67,87,96,22,56,0,117,44,998,66,9,78,41,169,43,38,71,15,317,159,54,32,46,90,40,53,97,21,3846,51,8,108,49,794,15,26,96,15,1740,0,54,87,58,42,65,25,118,24,163,52,10,104,56,397,0.999920903500567,"1>2",1.50024449840224e-05,0.000434986026245143
"Bra015558",10232,2,11,1,7,1,2,41,5,8,12,0,1,11,1,2,3,4,15,2,5,13,1214,12,1,3,19,1,12,1,2,0,2,1,2,1,15,2,3,2,1,1,1,0,0,0,0,1,1,0,1,0,2,0,0,1,1,0,5,3,0.999917288492787,"2>1",1.72594137249941e-05,0.000517661555108573
"Bra018458",12076,112,117,107,215,245,89,392,942,151,138,0,112,281,288,247,29,74,123,232,135,231,7470,158,229,209,279,99,188,243,164,22,81,82,167,146,33,167,135,86,137,43,179,63,84,0,57,92,152,202,156,41,162,83,221,88,57,95,164,107,0.999912422985155,"2>1",1.95277234385487e-05,0.000605193234699986
"Bra024609",15776,15,13,15,11,14,5,24,86,7,11,0,2,44,23,18,3,7,24,22,8,14,921,17,10,22,9,9,19,9,20,6,8,20,30,7,6,8,21,13,15,17,8,17,9,0,9,13,35,53,13,5,12,6,29,2,10,16,45,118,0.999904514139241,"2>1",2.19014152298067e-05,0.000700621308061922
"Bra021570_Bra021572",13942,15,162,102,67,205,14,366,1244,60,476,0,77,99,210,14,9,86,74,264,6,360,23118,105,137,16,461,182,114,101,25,45,127,58,37,42,251,131,88,51,14,433,146,76,55,0,327,171,184,34,88,193,117,68,31,27,281,136,149,74,0.999901219801573,"2>1",2.42310753266817e-05,0.000799332298976774
"Bra012655",8421,8,8,23,11,32,6,19,36,6,77,0,22,15,47,28,13,33,24,21,51,49,1649,33,8,39,42,40,18,10,42,1,33,58,45,38,1,17,25,12,36,5,35,77,8,0,1,11,19,5,37,7,28,9,12,12,3,19,16,15,0.9998747125289,"2>1",2.72033222611999e-05,0.000924519623754727
"Bra016221",10693,11,16,59,23,0,8,143,435,10,35,0,82,38,4,11,1,80,41,5,13,85,5397,68,5,9,91,81,65,8,26,21,81,17,13,23,21,91,26,3,15,29,141,21,2,0,21,112,34,0,25,0,63,19,0,10,14,100,37,11,0.999874369993703,"2>1",3.00155132336372e-05,0.0010500334826451
"Bra007798",5209,6,23,21,9,5,1,19,93,12,7,0,16,26,4,2,2,43,20,8,4,14,1574,35,10,7,14,36,103,4,8,10,31,11,4,8,12,43,10,1,6,8,81,18,3,0,7,46,7,6,5,0,42,7,4,7,10,49,6,11,0.999864392330826,"2>1",3.29486286764121e-05,0.00118549875922547
"Bra033030",21091,10,2,7,1,10,10,3,25,1,9,0,7,6,16,16,0,13,0,10,14,1,542,2,30,21,0,21,12,0,9,0,7,7,2,4,0,8,5,5,4,1,24,0,5,0,0,7,5,4,14,0,14,3,0,7,4,2,8,1,0.999853651716081,"2>1",3.60134842235005e-05,0.00133167354743513
"Bra000140",89,80,91,92,49,67,48,166,273,30,110,0,102,85,68,124,15,93,67,75,91,112,2564,90,62,154,111,61,209,81,127,55,78,66,142,29,19,77,53,46,140,15,81,46,29,0,23,66,68,38,44,22,94,42,31,38,22,66,62,231,0.999842703769484,"2>1",3.92051354417292e-05,0.00148876031072209
"Bra032911",21025,4,6,13,2,2,3,11,14,5,9,0,15,9,2,6,0,14,4,3,5,3,540,6,3,4,5,7,35,2,13,4,22,5,3,6,3,27,3,6,4,2,38,4,2,0,1,48,9,6,9,3,24,4,3,6,6,30,3,8,0.999837186874012,"2>1",4.23745710967585e-05,0.00165133104698989
"Bra003816",26875,3,6,1,5,5,1,6,21,1,13,0,9,12,1,20,0,2,14,6,14,15,544,21,7,10,18,12,3,26,1,0,3,3,4,2,2,4,8,1,0,0,6,2,1,0,0,5,8,4,0,0,7,14,0,2,2,18,11,4,0.999823585201671,"2>1",4.57255767775749e-05,0.00182745452608568
"Bra014688",9713,38,14,23,13,24,22,71,50,8,27,0,28,13,25,54,5,34,15,22,37,23,752,12,35,60,41,24,25,16,24,29,19,15,17,25,6,30,23,11,14,18,53,12,17,0,24,32,19,14,33,13,37,19,11,32,14,29,13,39,0.99978497911614,"2>1",4.98547306088548e-05,0.00204208246905835
"Bra004793",3204,1,1,1,0,0,1,6,23,2,81,0,3,3,1,1,1,1,0,1,1,0,5989,2,3,1,7,14,8,2,0,2,24,0,1,2,0,44,3,0,0,1,12,0,1,0,1,126,6,0,1,0,60,0,0,2,0,90,11,1,0.999757196321953,"2>1",5.44487531668998e-05,0.0022843903219707
"Bra031690",20286,118,100,143,110,65,56,182,196,85,127,0,120,232,82,109,7,132,176,72,89,95,1827,211,80,142,180,93,326,94,154,75,114,134,120,95,48,247,149,73,104,42,279,144,42,0,118,206,143,78,99,62,208,152,50,72,44,215,128,132,0.999755379153181,"2>1",5.88713599960153e-05,0.00252845235929455
"Bra010153",6759,50,108,21,58,94,21,190,653,22,1025,0,39,161,124,105,13,20,94,97,94,227,16379,402,428,91,283,63,152,243,34,58,45,247,487,4,17,68,232,147,71,9,98,93,39,0,44,50,184,46,3,7,165,98,21,1,27,80,303,693,0.99974580868657,"2>1",6.33104498467969e-05,0.0027820009620988
"Bra006709",4473,125,42,84,47,46,51,148,88,29,94,0,86,89,54,40,7,83,101,49,62,72,957,81,124,92,95,37,346,51,60,24,87,49,81,47,24,88,36,37,52,20,122,38,18,0,32,90,54,18,39,7,101,32,20,56,15,127,64,173,0.999728569855818,"2>1",6.79353319431315e-05,0.00305267598735837
"Bra039027",24589,11,8,11,6,5,3,12,91,2,16,0,13,16,6,11,2,19,12,7,11,19,929,23,14,12,26,14,5,14,5,3,7,7,9,9,0,20,8,4,7,2,24,6,2,0,10,28,8,3,7,5,27,6,0,4,2,29,5,19,0.999712882248409,"2>1",7.27001671528668e-05,0.0033389172614835
"Bra002003",1354,54,49,86,38,31,25,118,332,30,113,0,103,171,38,75,12,128,90,19,63,231,3329,165,24,66,224,92,119,31,69,55,95,166,115,71,43,154,95,48,37,63,183,148,17,0,15,183,102,76,98,36,169,95,82,73,89,181,74,114,0.999697580100389,"2>1",7.7587821034957e-05,0.00364032740607156
"Bra005104",3416,19,258,48,74,4,6,328,934,32,379,0,85,615,9,58,30,198,412,38,55,255,44173,826,35,90,410,210,137,89,28,5,106,31,29,3,82,84,89,7,37,7,61,35,0,0,19,174,38,0,2,10,73,190,0,0,81,65,75,5,0.999663309420486,"2>1",8.29857951699422e-05,0.00397579232164191
"Bra032331",20662,35,12,25,36,3,12,30,88,23,27,0,62,82,10,60,0,53,33,14,39,24,2086,42,17,39,17,12,21,29,9,8,76,61,7,28,1,117,39,7,13,6,121,31,3,0,14,228,85,9,41,12,113,48,2,23,5,126,80,34,0.999602997302321,"2>1",8.93943033844072e-05,0.00437121661904349
"Bra039501",24901,1,18,44,5,0,2,8,95,3,133,0,35,26,1,21,3,42,36,0,12,36,4342,87,26,15,35,41,15,10,12,2,53,12,16,7,1,46,10,1,6,0,59,1,0,0,0,69,2,2,11,0,59,8,1,5,3,43,14,10,0.999565838932082,"2>1",9.62896386750867e-05,0.0048034798748865
"Bra029539",18915,30,7,33,105,9,9,30,138,58,99,0,14,312,11,71,0,30,57,10,42,118,3647,231,20,52,61,46,68,27,49,1,33,56,42,57,3,31,35,9,36,0,43,31,8,0,15,29,59,14,68,1,62,54,15,22,2,39,55,32,0.999503285184648,"2>1",0.000104141112727566,0.00529780873061891
"Bra010619",27439,9,43,20,16,0,2,86,100,3,67,0,23,83,5,29,3,17,58,12,12,134,3692,40,23,33,92,35,6,22,5,5,17,13,11,1,1,16,8,0,3,0,30,3,0,0,3,37,1,7,0,3,10,13,5,0,3,34,4,4,0.999487488146281,"2>1",0.000111994396208167,0.00580760539456449
"Bra009193",6096,37,26,25,5,29,13,69,818,1,13,0,16,36,47,94,3,38,20,19,60,77,8650,22,19,47,55,25,14,13,7,2,26,2,36,4,3,18,3,8,9,2,23,4,12,0,2,6,0,6,6,0,16,0,12,4,2,15,7,128,0.999479278159117,"2>1",0.000119706234786946,0.00632530308847579
"Bra023373",28491,4,11,21,5,0,0,22,35,1,6,0,21,3,1,2,5,26,13,2,2,39,3129,20,0,5,35,12,4,5,0,2,37,2,0,0,0,15,1,0,0,1,25,3,0,0,2,46,0,2,0,0,19,0,2,0,1,62,0,3,0.999419202584935,"2>1",0.000128244960347651,0.00690242678385755
"Bra025442",28666,3,11,4,12,8,2,12,11,10,44,0,4,46,11,8,4,7,27,4,2,17,698,62,9,7,32,6,35,4,11,1,7,8,7,10,5,2,17,5,4,0,8,13,1,0,1,4,1,4,12,1,3,9,9,3,4,4,9,8,0.999370229028007,"2>1",0.000137363615104833,0.00752785080782536
"Bra020982",13601,29,1,74,13,2,9,16,91,4,12,0,102,29,2,6,6,57,10,1,6,19,3183,22,8,2,17,39,39,18,6,1,21,13,3,2,0,58,5,2,8,0,100,12,0,0,3,42,9,5,2,4,30,19,0,1,0,61,11,1,0.999363449113049,"2>1",0.000146277673530664,0.00815960983466824
"Bra024091",15437,50,32,11,15,19,32,104,30,7,7,0,6,72,8,64,8,11,60,2,49,167,908,83,1,34,135,20,27,0,15,4,17,20,4,19,7,2,8,3,8,13,13,13,2,0,5,7,14,2,19,7,8,5,2,13,21,11,15,3,0.999330103968053,"2>1",0.000155463960520432,0.00882403977636514
"Bra021048",28297,27,7,3,10,5,4,11,5,3,40,0,4,12,5,16,1,4,3,3,31,3,580,17,31,51,12,1,15,2,8,2,3,11,6,1,0,3,2,2,31,0,3,2,1,0,0,1,1,3,0,0,4,2,0,0,0,2,3,25,0.99929575810356,"2>1",0.000164925649070764,0.00952206741429851
"Bra010922",7250,38,109,104,33,5,14,214,125,21,134,0,50,150,2,31,18,137,180,5,38,97,5593,139,12,34,172,52,542,17,172,3,98,51,2,18,43,83,50,2,207,20,262,28,0,0,4,98,20,1,3,0,92,49,0,21,13,44,39,14,0.999159181122029,"2>1",0.000176381466509748,0.01035487995823
"Bra034610",22027,296,180,466,312,48,128,391,785,144,277,0,442,848,65,345,21,435,398,76,244,397,12704,929,186,275,379,280,270,341,123,51,424,196,167,122,42,839,265,73,55,20,907,115,57,0,233,730,392,47,76,100,835,410,27,38,137,846,448,91,0.999068523035924,"2>1",0.000188966391469194,0.0112767115901596
"Bra015970",10512,183,89,170,145,232,99,276,263,108,274,0,152,258,212,269,14,120,144,188,193,292,1617,261,242,235,329,135,220,240,122,83,210,167,303,198,76,241,153,122,111,144,316,128,177,0,148,281,205,120,186,110,289,134,120,156,210,218,155,229,0.999006482842184,"2>1",0.000202155748294559,0.0122590251415275
"Bra039808",25059,118,27,30,97,60,49,20,14,117,18,0,22,203,40,84,2,14,41,15,86,10,10,43,34,87,12,22,109,14,555,6,18,71,11,110,30,29,80,40,1372,44,22,83,13,0,6,16,52,31,146,12,57,55,35,83,30,52,67,14,0.998994686574216,"1>2",0.000215109904383095,0.0132520144047495
"Bra015174",9996,145,118,113,166,205,69,225,165,111,170,0,81,398,206,273,16,122,242,90,154,225,2773,282,85,251,270,89,187,83,307,50,103,200,68,364,55,99,87,55,311,70,190,165,61,0,124,148,117,35,434,25,126,94,101,186,89,112,131,87,0.998972101848843,"2>1",0.000228011305125542,0.014266290834801
"Bra020591",13383,7,38,12,14,6,0,71,170,2,136,0,10,116,8,31,5,7,53,5,27,90,6061,138,4,28,135,61,12,22,3,0,35,5,1,9,2,13,7,0,3,2,35,1,0,0,2,17,6,1,2,1,33,8,1,1,27,20,10,0,0.998967872290309,"2>1",0.000240575623946884,0.0152836939104074
"Bra002349",1596,58,14,54,63,84,34,30,40,54,51,0,52,78,88,89,2,65,26,69,62,43,19,42,91,75,57,23,86,80,29,6,96,24,246,56,15,75,33,153,25,13,94,22,106,0,45,68,31,1519,80,28,78,24,804,60,29,71,29,1409,0.998927395774313,"2>1",0.000253376063973648,0.0163399047814216
"Bra024201",15498,1,0,6,0,1,1,9,37,1,19,0,2,2,2,2,1,8,4,1,1,7,1120,3,0,4,3,14,2,0,7,1,10,1,3,0,0,1,4,1,5,0,16,0,0,0,0,8,1,0,2,0,6,0,0,2,0,15,1,2,0.998898260658961,"2>1",0.000266230053020087,0.0174236418065337
"Bra009370",6211,30,84,167,71,14,9,56,540,32,249,0,217,357,18,37,23,180,287,66,58,68,10958,602,73,108,165,209,350,58,146,24,315,90,47,20,12,488,47,21,161,15,754,103,11,0,27,309,106,17,18,4,543,162,7,12,70,390,167,40,0.998879667544621,"2>1",0.000278977850070225,0.0185244539905062
"Bra006313",4211,776,22,118,86,1515,339,39,90,50,70,0,92,133,1659,183,5,97,74,139,212,26,36,51,122,122,40,30,87,32,228,4,108,113,824,346,13,115,159,837,269,29,103,91,361,0,39,97,131,86,201,27,189,90,245,53,34,238,154,343,0.998768374019488,"1>2",0.000292987381400257,0.0197332647722092
"Bra024611",15778,61,113,157,83,40,22,399,236,56,176,0,106,306,62,62,13,203,295,92,61,184,3869,397,148,92,205,106,521,121,336,46,83,106,183,75,153,131,121,73,254,52,241,42,33,0,121,120,207,49,52,32,106,187,60,52,49,86,222,251,0.998744093294442,"2>1",0.000306942733924282,0.0209643883382171
"Bra022372",14378,0,4,17,5,4,1,3,23,3,21,0,12,2,4,4,0,17,13,7,1,1,1946,11,6,5,2,7,16,27,2,0,10,0,6,5,31,13,9,0,4,59,16,1,5,0,20,7,11,9,9,8,18,6,1,10,30,8,14,4,0.99855716305048,"2>1",0.000323169794147081,0.0223769770936189
"Bra021259",13755,39,10,69,46,80,20,53,357,34,73,0,94,49,100,63,0,79,21,45,41,51,2071,30,53,55,41,44,43,42,34,17,47,57,165,32,13,85,41,41,38,24,100,35,24,0,31,111,40,31,44,22,117,32,25,23,36,71,58,72,0.99833556908044,"2>1",0.000342060795913459,0.0240041630806178
"Bra015560",10234,14,4,1,0,4,1,25,60,0,9,0,4,1,1,25,5,0,0,4,36,17,1279,3,4,27,28,0,0,0,0,8,2,27,11,0,5,7,2,3,0,7,3,9,1,0,1,5,21,41,0,9,3,2,7,1,39,3,5,20,0.998327870186082,"2>1",0.00036053397671908,0.0256361548177908
"Bra020284",13201,1,10,0,6,1,1,20,21,6,22,0,0,23,6,2,1,8,25,4,1,18,1057,65,5,6,21,18,83,11,4,1,0,4,14,2,7,0,2,0,0,1,1,7,2,0,0,0,5,9,0,0,3,6,2,2,0,0,2,7,0.998295690242933,"2>1",0.00037894186412111,0.0272967726260683
"Bra036140",22932,24,30,71,13,100,10,159,538,21,164,0,71,66,109,91,11,68,169,40,63,189,4950,346,101,71,152,114,177,50,8,128,114,56,142,12,32,177,25,67,16,43,234,167,32,0,13,146,10,14,8,6,339,32,27,5,86,140,35,74,0.998227201308761,"2>1",0.000397777767190265,0.0290211796345204
"Bra003363",2250,20,41,145,41,21,10,92,164,36,99,0,108,116,21,29,9,141,91,11,22,63,2616,252,48,30,83,83,151,42,104,8,115,98,10,44,22,139,67,5,97,14,228,45,14,0,17,154,41,16,36,14,154,98,10,41,16,117,59,7,0.998201729476874,"2>1",0.00041645100393607,0.030767262225763
"Bra005480",3648,5,9,12,13,2,0,28,57,8,26,0,23,29,2,2,4,22,36,7,2,7,1264,85,12,2,17,14,34,14,1,4,15,3,2,0,2,35,13,1,0,5,59,3,1,0,3,36,3,1,0,0,38,33,0,0,2,36,5,1,0.997898576279109,"2>1",0.000438621697580213,0.0328040308919858
"Bra027157",28803,2,1,2,4,4,1,1,3,2,4,0,3,5,3,1,0,2,3,2,2,7,3,4,4,2,5,2,4,3,1,1,0,4,10,3,1,1,4,6,2,5,3,1,4,0,4,1,3,217,3,0,2,1,55,2,2,1,3,90,0.99789839358714,"2>1",0.000460218901674756,0.0348366961431557
"Bra101817",32323,0,0,0,0,0,0,0,0,0,0,0,0,0,0,0,0,0,0,0,0,0,0,0,0,0,0,0,0,0,0,0,0,0,32,0,0,0,0,19,0,0,0,0,13,0,0,0,0,0,0,0,0,0,0,0,0,0,0,0,0.997724438668443,"1>2",0.000483492522570683,0.0370329844360501
"Bra000141",90,15,15,26,38,11,3,61,80,23,51,0,28,66,8,19,4,27,36,7,13,57,1055,32,21,18,47,29,89,9,4,12,29,21,26,22,6,28,35,3,3,14,43,24,5,0,17,22,39,2,8,4,36,36,8,9,5,44,38,14,0.997562383109638,"2>1",0.000508228274061713,0.0393803290980503
"Bra010819",7184,134,126,107,141,103,84,289,198,124,169,0,139,316,143,196,19,147,229,68,119,249,2839,276,104,165,293,87,313,140,341,48,141,242,213,220,202,141,176,83,333,86,226,229,58,0,107,213,168,51,201,40,191,160,65,145,97,174,187,149,0.997556998976223,"2>1",0.000532412933433155,0.0417271239375242
"Bra036512",23145,210,156,139,203,139,95,243,165,178,156,0,164,293,145,169,26,164,193,108,120,263,1816,174,145,199,346,82,292,126,283,72,117,212,142,290,103,177,173,93,239,97,207,199,95,0,155,216,186,123,271,79,212,154,111,141,144,200,172,270,0.997195316611103,"2>1",0.000560465655105551,0.0444147759550474
"Bra012131",31489,0,0,0,7,1,0,3,18,3,60,0,1,5,1,0,1,1,2,2,5,1,1343,35,7,3,10,1,5,3,1,2,4,0,2,5,1,0,4,5,4,1,3,0,10,0,6,3,2,2,5,1,3,2,9,5,2,0,3,1,0.997090438025053,"2>1",0.000589113171201177,0.0471951103867496
"Bra019243",12576,31,37,117,55,49,17,98,1122,54,144,0,179,181,63,45,5,76,76,50,44,88,10594,188,69,45,116,157,112,84,5,9,56,22,6,11,34,98,34,5,2,42,169,27,8,0,31,143,36,17,10,17,99,53,15,1,87,70,35,7,0.997066232215006,"2>1",0.000617362021969767,0.0499904186772819
"Bra039968",25153,3,0,2,14,7,4,4,3,6,3,0,1,0,4,5,0,3,1,1,6,2,0,4,0,7,4,2,7,2,22,3,1,4,0,42,0,3,6,2,4,3,5,2,2,0,2,1,7,8,342,15,4,3,8,688,2,4,5,5,0.996958202751441,"2>1",0.000646224346095827,0.0528801552078539
"Bra040774",25629,281,19,201,44,728,130,57,144,34,8,0,129,65,817,141,0,162,30,40,163,19,33,36,80,144,57,42,34,61,250,14,170,142,3591,424,8,279,116,1339,378,5,771,61,1335,0,60,218,127,124,279,32,360,91,304,110,4,245,76,365,0.996933974316732,"1>2",0.000674692597121385,0.0557840489771196
"Bra006015",4000,405,250,351,375,118,152,978,925,247,698,0,495,979,113,185,37,388,849,172,215,306,11145,1304,386,282,565,198,1052,374,513,85,205,221,406,44,199,320,218,139,615,110,437,108,42,0,220,292,437,235,12,52,383,542,42,21,109,241,625,698,0.996733624465969,"2>1",0.000704828445224986,0.0588682128583826
"Bra010823",7187,2,9,2,2,3,1,22,15,2,22,0,8,6,0,1,0,8,9,7,0,17,624,4,15,1,14,16,22,9,0,10,3,5,15,0,8,16,0,5,2,5,9,5,1,0,0,1,2,5,1,0,8,3,0,1,13,10,7,19,0.996658907923096,"2>1",0.000735130326048887,0.0620126208157243
"Bra010586",7026,16,49,42,28,42,3,148,413,10,212,0,43,87,55,25,8,32,73,69,13,186,5465,61,119,39,165,39,57,139,4,102,36,45,259,5,1,83,78,22,1,5,94,31,16,0,34,156,68,33,5,13,58,23,20,3,8,71,51,125,0.996487154560576,"2>1",0.000766695270519058,0.0653076255029291
"Bra012015",27535,3,0,0,0,4,4,0,7,0,6,0,2,2,2,14,0,5,3,6,25,0,542,9,9,33,0,8,7,2,0,0,1,7,0,1,0,3,6,1,1,0,3,5,1,0,0,0,0,0,0,0,4,1,0,0,0,0,0,2,0.996459429561729,"2>1",0.000797862407235378,0.0686169696929512
"Bra004746",3173,127,27,66,12,110,52,30,113,10,86,0,36,13,178,213,0,55,10,74,85,8,3665,13,93,232,19,79,25,200,323,4,145,72,328,187,43,159,37,37,297,61,212,109,27,0,14,89,31,28,184,28,259,33,45,57,111,158,93,82,0.996414573060344,"2>1",0.0008288353464845,0.0719563755009529
"Bra035708",22669,615,29,89,65,545,312,73,72,35,39,0,62,80,558,137,2,71,42,38,115,27,12,27,44,60,43,32,70,24,203,12,92,103,60,279,9,77,117,406,231,23,92,57,150,0,9,90,84,32,90,18,170,59,124,47,52,195,105,63,0.996263165762764,"1>2",0.000860791378251,0.0754243206906295
"Bra039847",25087,6,0,2,3,0,2,19,42,1,47,0,3,3,1,2,1,13,5,1,2,14,1839,12,7,11,9,14,42,7,16,5,26,30,0,16,2,39,19,1,26,0,77,20,2,0,14,69,21,12,9,4,39,13,8,11,4,41,26,2,0.996224137009144,"2>1",0.000892476939257576,0.0789153917803793
"Bra008695",5729,1491,163,346,161,1186,666,233,264,117,232,0,194,262,1503,568,21,231,278,223,700,274,288,179,186,563,240,270,625,107,2707,60,457,1873,1304,900,238,356,649,1131,4191,146,468,1871,692,0,55,257,297,209,969,67,698,270,507,878,270,525,464,394,0.996194426698328,"1>2",0.000923800556057726,0.0824206467740005
"Bra011224",7465,5,6,4,2,100,3,10,4,3,4,0,5,9,63,2,1,4,3,11,3,6,1,3,5,4,11,4,3,5,4,2,2,1,176,0,3,6,1,58,1,1,1,0,115,0,2,1,2,10,1,1,6,2,16,1,1,4,1,22,0.996160070322081,"1>2",0.000954823206290288,0.0859440869642983
"Bra025041",16074,45,18,21,23,36,25,75,51,14,52,0,24,43,50,33,1,26,46,17,30,79,763,38,25,38,69,24,23,23,57,4,25,24,99,40,2,28,21,48,42,6,37,9,18,0,11,42,26,21,25,4,63,19,9,27,9,27,32,159,0.996151216239256,"2>1",0.000985285948968744,0.0894620905188018
"Bra032102",20538,75,24,79,42,540,36,111,57,25,37,0,65,44,690,96,9,53,46,68,56,49,16,33,120,117,53,33,34,64,77,38,101,62,1163,76,22,88,76,432,61,29,110,49,458,0,39,90,71,76,121,31,128,56,149,69,42,88,40,422,0.996130741504292,"1>2",0.00101532732966395,0.0929851970607264
"Bra006372",4255,50,63,134,109,76,37,130,189,80,79,0,129,189,101,59,7,147,93,56,36,104,1264,114,90,58,161,71,238,77,85,64,116,138,149,81,49,179,99,75,81,46,247,110,45,0,70,203,132,62,90,37,201,108,74,44,39,188,187,225,0.996019002100661,"2>1",0.00104590125306266,0.0965960210858972
"Bra002559",1719,107,64,110,71,48,37,147,83,60,51,0,96,86,58,60,9,111,173,38,55,66,1469,101,61,80,89,39,508,44,258,27,119,94,64,124,50,98,80,31,212,36,193,58,25,0,27,126,80,39,181,24,170,50,24,98,30,129,114,80,0.99594149023719,"2>1",0.00107664215622335,0.100262494954082
"Bra025403",28660,9,2,32,16,62,3,9,102,10,70,0,59,36,71,17,5,37,6,65,12,23,1375,26,120,18,36,63,22,49,19,22,39,20,51,6,3,57,33,54,12,7,66,8,36,0,19,44,23,27,8,3,64,15,13,7,4,73,18,113,0.995818517922743,"2>1",0.00110800417562773,0.104024731205667
"Bra006721",4480,6,2,51,161,98,2,1,89,33,12,0,34,60,113,0,0,126,151,47,7,3,113,89,5,4,3,1545,315,30,8,0,0,0,2,9,0,2,8,2,1,0,0,2,0,0,0,0,2,0,0,0,1,0,1,2,0,2,4,16305,0.995659692302188,"2>1",0.00114032721084958,0.107913539561865
"Bra037520",23776,109,110,151,86,19,66,176,327,27,298,0,170,244,27,156,13,269,154,38,125,263,4225,542,71,86,222,141,84,81,149,11,204,122,47,186,82,295,152,27,250,71,338,61,28,0,95,364,70,15,176,23,295,159,38,49,43,296,115,52,0.995589284791222,"2>1",0.00117270729003699,0.111848278880465
"Bra012581",8371,234,62,223,159,154,171,200,271,106,196,0,243,209,215,237,14,171,154,127,180,154,1967,177,183,285,198,135,340,208,382,243,170,288,261,452,83,300,343,139,247,143,255,181,148,0,208,343,543,180,509,176,364,267,165,301,158,324,522,177,0.99551842478377,"2>1",0.00120514717166634,0.115828597622086
"Bra030656",19632,153,41,129,39,218,99,178,102,31,46,0,158,39,226,99,26,136,38,96,113,60,63,38,68,116,120,37,66,69,110,76,114,53,284,119,45,170,73,229,45,84,181,26,168,0,113,184,124,1577,157,102,158,45,1562,67,71,166,92,1497,0.995438401404663,"2>1",0.00123773407869226,0.11986183264921
"Bra010541",27428,32,1,5,0,1,13,0,0,2,9,0,1,7,0,49,0,2,2,0,29,0,22,3,6,153,0,1705,2,1,13,0,6,1,2,4,0,0,21,1,19,0,0,2,0,0,0,3,2,0,9,0,12,2,2,7,0,3,3,0,0.995104707702492,"2>1",0.00127290290771933,0.124170366240585
"Bra011409",7601,15,70,12,37,12,4,169,65,18,105,0,24,153,12,25,20,34,159,20,25,137,1559,365,29,14,188,29,21,49,12,8,20,15,2,19,26,15,40,3,9,15,36,21,2,0,16,31,26,8,16,17,46,187,5,18,120,19,50,7,0.995085619565484,"2>1",0.00130758364606978,0.128474526256702
"Bra010879",7223,58,122,63,100,23,17,334,159,104,82,0,85,258,38,115,26,125,148,50,89,305,2982,272,64,94,325,62,125,108,81,34,84,131,38,41,64,151,42,5,62,15,199,83,4,0,152,151,29,12,32,44,77,106,15,25,92,116,58,32,0.994770595632253,"2>1",0.00134458195476485,0.133032085375698
"Bra024333",15588,0,1,3,23,20,0,10,70,18,32,0,10,33,51,6,0,8,41,10,3,38,3103,52,21,8,16,13,54,45,0,0,2,4,70,0,0,2,11,38,1,0,15,2,47,0,14,3,1,98,0,3,1,2,46,3,0,4,6,17,0.994035654345223,"2>1",0.00138775731644721,0.138202981690119
"Bra006691",4463,6,9,8,2,0,3,29,54,1,4,0,4,6,3,9,1,12,9,2,7,17,683,4,1,1,23,9,57,2,2,1,7,1,9,0,3,7,1,2,0,0,14,4,0,0,0,12,0,2,0,0,7,0,2,0,0,4,0,1,0.993919871174912,"2>1",0.00143120520078648,0.143442818582519
"Bra026032",28709,54,16,100,21,15,46,62,320,17,143,0,124,37,27,128,1,142,47,17,72,80,4173,51,68,112,69,94,48,55,14,6,111,32,24,27,1,264,22,8,3,3,437,19,17,0,14,243,17,8,22,4,201,9,4,22,5,251,43,50,0.993555728498637,"2>1",0.00147719663473672,0.148962705616016
"Bra010372",6894,48,14,47,80,25,23,50,66,43,86,0,49,130,25,23,0,61,69,33,21,38,1249,86,43,60,57,19,65,81,37,63,66,55,140,44,4,83,85,16,11,4,77,45,8,0,55,55,159,5,35,22,73,92,10,33,5,61,171,184,0.993410159182659,"2>1",0.00152367521821494,0.154570905915627
"Bra019895",12948,6,5,7,2,2,1,6,184,1,0,0,12,2,3,4,1,5,2,1,4,1,1379,1,1,7,2,12,2,2,6,5,3,2,5,6,1,7,2,1,5,3,4,3,3,0,1,5,1,1,9,1,4,0,1,14,4,6,5,8,0.993386954566372,"2>1",0.00156952540033578,0.160161766925717
"Bra030731",19684,75,118,155,179,143,36,126,229,206,116,0,124,317,148,93,9,108,258,71,101,72,4185,352,147,124,135,100,333,90,605,68,149,226,650,208,114,162,354,324,574,218,168,210,117,0,143,142,382,158,227,101,173,200,139,113,169,161,317,308,0.992970999502479,"2>1",0.0016182707137035,0.166064990283834
"Bra035713",22672,2,0,2,0,2,3,0,4,2,13,0,1,3,17,2,2,0,1,9,27,0,251,1,0,2,15,0,2,27,6,3,6,2,5,3,1,3,3,1,8,0,9,0,8,0,0,3,13,82,4,0,9,6,8,12,2,4,3,9,0.992938533798253,"2>1",0.00166644058527911,0.171953794169398
"Bra007618",5082,5,1,1,5,5,2,3,2,0,1,0,0,1,17,2,0,0,1,8,0,1,0,0,1,5,4,4,1,3,4,3,4,1,1,3,0,4,0,2,2,0,4,1,2,0,0,1,1,145,2,0,4,0,26,0,0,0,1,298,0.992901907663052,"2>1",0.00171408665327621,0.177831342597643
"Bra025021",28627,5,10,0,1,0,3,25,32,1,59,0,0,8,4,26,3,1,10,4,16,81,1350,18,19,12,85,9,11,30,0,3,5,4,12,0,0,1,6,4,0,0,2,9,3,0,0,7,9,6,0,0,13,10,1,1,0,20,12,7,0.992715290342032,"2>1",0.001762526853317,0.183820602556701
"Bra010834",7196,179,202,181,205,153,108,342,256,158,211,0,245,347,154,205,12,175,192,150,92,225,1603,190,233,175,271,126,505,205,389,120,180,245,285,257,93,203,205,141,327,153,313,172,106,0,160,244,266,95,288,86,293,154,136,95,143,220,240,246,0.992639039721136,"2>1",0.00181078921043379,0.189828466681708
"Bra005987",3980,93,36,53,51,13,97,61,61,38,86,0,72,63,27,57,1,88,58,28,10,22,2025,31,59,179,34,31,138,60,51,0,36,5,5,8,12,12,3,0,44,6,14,8,22,0,0,24,8,4,3,0,7,5,17,4,0,16,11,8,0.992635011412471,"2>1",0.00185826099998161,0.195795370778538
"Bra017272",27965,6,31,20,9,3,2,130,294,5,482,0,18,107,6,22,28,36,104,19,21,235,10824,172,56,65,250,146,47,66,17,3,85,4,7,0,0,33,14,2,13,0,150,4,0,0,0,38,6,0,0,1,58,33,0,1,7,48,17,5,0.992565463079653,"2>1",0.00190551757557793,0.201774259785999
"Bra031248",20023,17,17,40,33,38,9,38,92,8,70,0,32,74,39,28,6,60,40,34,18,82,1886,168,56,33,87,94,66,48,25,10,76,145,60,4,16,92,74,19,9,10,64,225,18,0,15,48,39,37,2,4,100,39,22,3,23,58,54,61,0.992553009308151,"2>1",0.00195208457655499,0.207718639443367
"Bra039178",29742,16,0,10,0,644,2,0,2,0,7,0,7,0,805,0,0,11,0,27,0,1,2,0,8,12,0,6,0,0,32,1,10,4,752,2,0,3,4,214,11,0,11,10,275,0,3,4,6,0,0,0,7,0,6,1,0,7,1,1,0.992367851283917,"1>2",0.00199941844438439,0.213765448612116
"Bra021164",13704,10,6,54,0,13,5,7,261,1,40,0,77,15,12,8,2,44,3,1,12,6,3282,36,6,7,11,212,170,2,4,1,57,2,19,0,1,99,2,10,6,3,94,4,1,0,2,52,0,9,5,1,140,3,4,20,4,71,0,9,0.992204179937941,"2>1",0.00204732258998501,0.219894791701309
"Bra012380",8266,23,4,12,13,35,17,23,212,9,35,0,23,27,42,25,3,20,17,52,17,12,2378,7,55,16,13,3,20,50,7,5,6,8,197,10,0,6,8,55,11,1,1,2,56,0,5,4,18,97,9,3,6,13,89,0,0,11,15,254,0.992049844140575,"2>1",0.00209570646924271,0.226096749694033
"Bra018865",28086,5,0,0,1,312,2,0,1,0,0,0,0,0,267,0,0,0,0,0,0,0,0,0,0,1,0,0,0,0,0,0,0,0,260,2,2,0,0,80,3,0,0,0,348,0,0,0,1,1,0,0,0,0,0,0,1,0,0,0,0.991786672845639,"1>2",0.00214544322278026,0.232453070274619
"Bra015986",10524,9,30,47,7,5,7,16,35,4,45,0,33,18,6,9,3,164,88,5,10,20,1942,41,29,9,19,55,251,9,107,23,69,52,22,5,64,27,19,8,93,0,96,58,4,0,7,58,8,5,10,0,36,11,7,41,7,46,13,28,0.991738705424073,"2>1",0.00219476460466048,0.238794001561929
"Bra020827",13523,46,124,42,60,14,17,205,150,26,112,0,37,235,13,156,29,111,129,28,84,200,2443,283,39,124,203,35,40,74,64,5,58,83,5,12,33,71,47,5,70,7,93,41,3,0,21,105,31,13,14,16,61,86,2,21,60,66,52,8,0.991731346836005,"2>1",0.00224335571313515,0.245088149949366
"Bra012480",8320,40,9,92,20,41,19,16,129,11,31,0,104,17,31,61,0,103,14,14,44,7,1161,14,11,51,5,51,59,15,57,9,100,34,46,48,13,103,31,35,41,4,129,16,24,0,5,116,50,32,82,10,148,28,55,61,8,79,40,46,0.991654875870599,"2>1",0.00229178244659758,0.251387983044794
"Bra011222",7463,165,144,231,147,269,79,267,255,101,290,0,196,268,291,173,20,136,128,214,108,209,2033,162,278,184,336,132,283,349,143,108,160,143,451,208,78,268,251,209,81,211,317,104,289,0,285,252,376,344,195,157,298,137,236,124,163,223,308,484,0.991576175287168,"2>1",0.0023400662439695,0.257694159453544
"Bra001386",973,9,3,11,3,19,5,17,57,4,26,0,10,8,45,13,0,11,8,23,16,25,693,5,20,10,18,7,3,17,8,8,12,5,115,3,10,9,4,16,4,11,8,11,21,0,2,13,3,49,3,3,11,0,33,1,7,14,9,114,0.991340764462178,"2>1",0.00238943475407773,0.264121960567937
"Bra016728",11030,3,29,63,7,3,1,101,494,4,271,0,84,36,3,17,5,80,18,15,4,157,9063,107,40,5,170,163,60,50,2,4,55,5,10,0,1,81,40,3,3,0,180,5,0,0,0,80,2,0,0,0,92,9,0,0,5,121,29,5,0.99132683283655,"2>1",0.00243814585802635,0.270504353815844
"Bra015219",10016,88,72,481,503,117,61,177,1176,367,505,0,578,1085,113,189,14,332,614,110,196,183,12787,1490,229,263,334,260,568,293,174,64,267,471,459,256,17,621,485,135,215,30,757,297,56,0,270,926,543,34,226,60,688,629,26,96,36,543,569,323,0.990931478706272,"2>1",0.00248914874599329,0.277119800616946
"Bra026610",17126,32,1,112,113,32,16,19,235,73,69,0,116,196,46,46,2,108,75,37,26,46,3420,119,32,42,38,103,146,56,22,23,186,104,73,101,3,249,77,31,20,9,369,43,46,0,78,325,98,7,69,40,320,127,21,58,9,282,104,40,0.990607252511921,"2>1",0.00254184797303211,0.283909631793884
"Bra015556",27803,3,1,4,4,7,2,20,558,2,1,0,5,1,13,34,2,0,1,2,0,8,7592,4,2,23,7,9,2,5,6,3,1,0,0,5,3,3,1,1,1,1,2,3,0,0,3,1,2,0,3,1,2,1,0,4,0,3,2,3,0.989323355872354,"2>1",0.00260347521662767,0.291555073818455
"Bra009442",6267,268,197,222,285,2110,105,282,205,198,129,0,258,536,2534,237,30,240,301,157,169,270,76,282,184,181,275,210,567,171,371,67,207,359,4341,357,146,334,384,1652,317,263,516,292,1353,2,156,177,419,405,540,216,429,285,975,259,269,280,383,514,0.98920257408228,"1>2",0.00266508386851558,0.299204455425685
"Bra019022",28096,5,2,10,11,5,1,3,10,6,5,0,7,13,5,2,1,6,3,0,2,4,257,17,1,1,5,6,8,0,8,0,10,9,5,8,2,10,14,8,16,1,28,8,2,0,4,9,8,1,8,0,13,18,3,4,2,10,14,3,0.988972977028982,"2>1",0.00272748639913126,0.306932143993692
"Bra101127",26108,35,79,9,17,64,8,288,2,13,68,0,6,37,156,130,25,6,5,153,28,338,11,12,86,43,747,6,134,101,1,113,21,3,16,6,13,17,8,4,2,5,35,3,15,0,2813,47,8,21,4,47,18,4,7,3,0,11,6,72,0.988443943472181,"2>1",0.00279288321489932,0.314941275315316
"Bra032174",20587,66,71,132,188,19,36,263,326,129,178,0,151,494,26,113,16,142,286,38,120,241,3472,580,97,149,262,100,222,159,72,13,121,170,70,53,36,181,116,33,74,18,176,105,18,0,52,214,187,27,23,14,252,162,16,35,47,246,214,66,0.988078815305243,"2>1",0.0028600030787218,0.323107986899036
"Bra003440",26842,10,0,6,2,13,4,10,5,4,33,0,2,11,78,2,9,2,0,102,137,6,5,2,20,3,71,0,7,158,2,11,3,1,27,3,9,2,2,12,2,9,7,0,19,0,6,1,0,444,0,4,4,0,15,0,1,2,2,19,0.98790462989452,"2>1",0.00292741451687332,0.331295246318936
"Bra029836",19140,24,9,22,35,688,19,11,9,32,13,0,10,52,447,37,3,6,38,30,27,14,2,25,77,46,5,1,35,25,61,6,16,59,645,166,11,24,117,319,98,14,42,54,282,0,24,28,53,33,125,18,53,41,88,30,31,59,101,159,0.987707235002468,"1>2",0.00299527937542882,0.33951547670867
"Bra026778",17238,91,93,28,47,60,29,355,153,25,139,0,37,85,72,128,17,46,65,50,62,252,2168,84,54,93,308,136,148,146,13,28,25,13,9,11,4,21,16,15,4,16,21,3,5,0,28,22,18,14,14,29,36,8,10,20,15,27,11,186,0.987579989624449,"2>1",0.00306308319557358,0.347718701340839
"Bra100254",31873,0,0,0,0,12,0,0,0,0,0,0,0,0,23,0,0,0,0,0,0,0,0,0,1,0,0,0,0,0,0,0,0,0,97,0,0,0,0,60,0,0,0,0,1,0,0,0,0,0,0,0,0,0,0,0,0,0,0,0,0.987522067206963,"1>2",0.00313033212126975,0.355857823547663
"Bra022436",14415,6,33,33,13,56,9,137,106,9,65,0,9,71,37,8,9,46,80,66,10,25,1235,43,124,66,94,20,179,51,91,36,15,29,185,2,23,18,20,58,51,11,24,35,14,0,24,15,30,18,1,1,17,12,18,0,10,8,41,323,0.987054031419001,"2>1",0.00319994656424656,0.364196867925711
"Bra010471",6956,21,36,46,68,11,5,60,191,66,21,0,53,67,17,14,2,37,49,7,9,28,1441,42,12,10,50,46,232,15,8,10,19,41,38,19,8,33,68,16,1,15,35,44,16,0,79,64,150,15,38,37,61,61,18,15,7,50,118,20,0.987010054309586,"2>1",0.00326889022006464,0.372455916081152
"Bra040112",25247,88,42,97,114,104,52,113,145,105,70,0,68,115,95,107,5,42,59,73,54,53,934,58,91,98,93,54,97,116,65,27,90,66,124,89,16,134,105,73,55,53,186,49,58,0,95,110,206,78,109,66,134,58,60,43,39,101,151,171,0.986952042857827,"2>1",0.00333727530343603,0.380644084392949
"Bra018859",12336,30,9,35,11,33,14,11,66,7,68,0,22,20,30,20,2,25,22,26,19,4,1376,12,92,20,12,18,28,54,30,7,44,36,289,33,3,24,9,69,15,3,31,3,11,0,1,54,18,49,12,1,62,9,12,19,11,85,28,63,0.986584856696924,"2>1",0.00340726049787797,0.388952832756426
"Bra027057",28792,24,97,166,99,5,7,291,540,43,338,0,236,245,15,28,10,201,108,34,20,215,8208,242,62,12,242,175,155,208,41,28,266,71,229,11,38,406,95,10,18,58,446,44,3,0,117,437,111,11,4,55,433,95,3,9,30,444,164,54,0.98615433792588,"2>1",0.00347924947426585,0.397413185345428
"Bra029369",18815,31,11,102,51,3,13,52,125,38,10,0,71,65,4,3,3,63,35,6,0,8,1841,31,11,12,8,33,62,2,60,0,30,9,6,31,28,32,22,7,29,30,23,0,22,0,6,42,24,10,19,3,31,21,6,15,6,60,28,12,0.985923205595226,"2>1",0.00355183539844741,0.405895676046348
"Bra004026",2699,202,19,78,58,11,114,46,165,37,12,0,94,89,19,94,1,96,39,23,100,10,1810,52,50,103,12,53,242,34,201,28,31,146,28,68,9,78,148,49,171,24,41,37,20,0,80,63,364,23,19,31,43,102,22,14,8,57,692,32,0.985816738287857,"2>1",0.00362415802643173,0.414322013157299
"Bra029492",18886,117,11,28,23,3676,87,23,24,21,529,0,22,33,3634,64,3,25,35,702,48,15,18,19,685,147,37,22,34,91,1308,34,49,82,5076,175,17,70,90,2957,1293,18,91,38,2724,0,16,86,86,206,161,24,76,42,444,73,26,61,48,605,0.985494640442094,"1>2",0.00369767965840115,0.422817482941602
"Bra028534",28930,3,0,0,0,56,1,0,0,0,0,0,0,0,48,0,0,0,0,0,0,0,0,0,0,0,0,0,0,0,5,0,0,0,47,0,0,0,0,14,4,0,0,0,69,0,0,0,0,0,0,0,0,0,0,0,0,0,0,2,0.985391931066831,"1>2",0.00377090374749355,0.431249004937811
"Bra039044",24600,3,18,10,13,5,2,45,14,6,16,0,12,19,7,10,4,12,41,8,22,32,383,33,4,10,44,7,8,8,13,3,16,10,1,2,4,7,11,1,8,7,31,4,1,0,16,18,11,1,1,9,12,26,0,5,25,20,19,1,0.984850370826265,"2>1",0.00384676191700182,0.439865371605196
"Bra004193_Bra004194_Bra004195",26917,9,57,41,35,6,3,103,105,11,126,0,42,232,6,49,4,41,81,3,21,302,2340,317,12,17,197,73,27,34,5,2,51,34,12,10,1,82,28,2,9,1,179,18,1,0,6,149,17,2,5,6,76,41,0,2,20,79,30,3,0.984610532265912,"2>1",0.00392320367737988,0.448485545395623
"Bra025324",16280,10,4,6,7,2,5,11,52,5,6,0,9,20,2,11,2,9,11,2,15,6,497,20,3,7,15,2,9,1,7,1,3,11,8,3,0,4,2,0,6,2,7,16,0,0,1,3,1,5,3,1,2,8,1,2,2,3,5,6,0.984553369603541,"2>1",0.00399901569526855,0.457004585334201
"Bra036280",29508,1,0,1,6,59,0,0,0,1,1,0,3,5,82,0,0,0,1,19,0,0,1,0,3,2,1,0,1,0,2,2,43,0,125,0,14,3,27,69,0,16,0,1,46,0,4,2,6,4313,1,4,0,19,3679,0,6,0,28,744,0.983612098498988,"2>1",0.00407998880511001,0.465903140705246
"Bra009093",6025,15,39,20,32,4,2,72,79,19,7,0,10,55,8,35,5,33,41,6,12,48,1215,70,12,34,56,29,78,27,41,17,56,33,1,4,21,66,23,5,27,19,76,20,12,0,34,75,53,11,5,33,41,35,3,14,37,51,33,10,0.983350346572733,"2>1",0.00416161000395519,0.474795668309095
"Bra005420",27006,11,2,8,2,6,2,3,43,1,36,0,11,20,12,22,0,12,17,7,12,4,999,157,9,18,5,7,3,2,2,0,7,1,9,0,0,27,4,3,0,0,93,1,7,0,0,22,2,1,0,0,21,4,7,0,3,29,1,5,0.983073144824863,"2>1",0.00424396642441442,0.483685725968981
"Bra016191",10670,110,86,123,108,96,49,184,158,68,113,0,137,137,102,129,4,170,133,105,91,80,1188,124,138,144,159,73,402,131,211,93,159,96,190,94,97,191,92,81,220,70,252,82,50,0,94,173,130,86,72,48,173,113,72,52,47,180,158,196,0.981774032032735,"2>1",0.00433359463943269,0.493096053388512
"Bra036436",29524,1,0,0,0,50,0,0,0,0,0,0,0,0,47,0,0,0,0,0,0,0,0,0,0,0,0,0,0,0,0,0,0,0,19,0,0,0,0,3,0,0,0,0,45,0,0,0,0,0,0,0,0,0,0,0,0,0,0,0,0.981346595616302,"1>2",0.00442480361869553,0.502551537688349
"Bra001082",765,143,169,137,110,143,107,294,171,99,161,0,135,247,166,294,21,146,188,121,159,299,795,156,146,220,388,138,161,202,137,127,176,171,249,172,62,213,203,132,121,120,227,100,97,0,181,171,178,74,221,131,254,183,104,137,169,207,170,269,0.9810494504419,"2>1",0.00451673871957783,0.511978459425986
"Bra021949",14141,84,41,54,37,127,32,56,91,23,66,0,55,101,144,86,4,52,75,54,80,36,871,118,93,87,51,123,55,44,56,20,25,31,42,52,4,29,25,25,34,8,42,16,17,0,17,38,23,23,87,9,46,16,36,68,28,32,30,83,0.980948280533972,"2>1",0.00460815369282595,0.521276108910381
"Bra027659",17786,61,45,147,77,75,16,135,345,47,240,0,139,265,50,74,8,145,182,44,45,109,2617,325,146,55,123,72,224,98,37,24,121,119,230,12,27,127,78,77,47,29,144,68,28,0,36,116,95,74,15,18,141,102,26,13,61,118,127,323,0.980117431880032,"2>1",0.00470361878299559,0.530794369285627
"Bra029276",32331,0,0,0,0,0,0,0,0,0,0,0,0,0,0,0,0,0,0,0,0,0,0,0,0,0,0,0,0,0,0,0,0,0,0,0,0,0,0,0,0,0,0,0,0,0,0,0,0,16,0,0,0,0,13,0,0,0,0,54,0.979965444645719,"2>1",0.00479884199151289,0.540194695466714
"Bra019013",12434,23,0,45,2,1576,6,3,28,5,24,0,55,5,2885,4,1,37,11,82,1,0,20,3,31,25,2,65,12,1,6,0,54,5,1867,8,0,25,6,1089,1,0,15,3,796,0,1,23,11,33,1,0,60,5,299,8,1,30,5,139,0.979946793643974,"1>2",0.00489300473450371,0.549415266122115
"Bra027700",17813,135,89,72,62,29,53,411,180,16,471,0,91,308,27,282,18,77,99,84,88,667,3385,157,156,94,514,105,41,112,29,23,25,25,41,26,7,52,25,9,20,12,44,5,17,0,44,67,31,18,34,30,28,51,10,21,76,57,14,22,0.979487292550056,"2>1",0.00498883113153095,0.558657978949564
"Bra018748",28073,11,5,15,1,153,3,14,6,0,24,0,4,1,91,39,0,7,0,19,13,13,0,2,25,35,14,6,0,4,539,1,1,7,7,16,8,23,8,7,466,7,54,1,4,0,1,3,4,6,13,17,31,2,3,3,7,9,8,7,0.979120739829109,"1>2",0.00508572399152705,0.567872873831423
"Bra030051",19271,676,18,73,38,673,292,22,36,23,20,0,63,58,761,107,7,44,39,24,169,55,0,23,23,75,51,17,37,2,267,14,55,86,85,315,9,53,115,274,330,41,65,58,153,0,34,74,88,23,98,19,138,41,115,18,33,139,90,26,0.97911094068575,"1>2",0.00518150178136173,0.576899603001254
"Bra040309",25373,3,0,3,27,2,0,0,0,16,0,0,0,64,0,17,0,3,9,3,14,0,4,17,0,12,0,16,11,0,956,0,2,57,0,7,1,0,15,2,974,2,8,28,0,0,1,0,4,7,30,2,6,20,9,25,0,0,4,0,0.97871845320249,"1>2",0.00527849000435058,0.585903833900028
"Bra032383",29216,36,8,107,5,15,28,26,47,3,237,0,36,21,31,139,0,68,21,11,114,18,1865,69,29,119,16,15,9,17,12,1,75,3,2,14,4,44,29,3,50,1,108,1,0,0,2,52,2,1,0,0,42,12,1,0,0,47,1,2,0.977980132295363,"2>1",0.00537873777501098,0.595022176694547
"Bra016206",10684,80,39,95,235,40,46,61,180,152,121,0,127,347,36,168,3,135,122,91,89,49,2333,222,110,182,45,68,121,183,54,26,121,120,217,95,18,171,97,58,61,23,178,91,29,0,54,210,103,162,99,15,195,88,35,32,31,168,115,473,0.976970913822144,"2>1",0.00548379937264696,0.604348445887569
"Bra000174",30142,0,1,2,0,1,0,0,12,0,3,0,7,2,1,0,0,6,1,5,0,0,746,3,6,0,2,6,0,1,0,0,3,2,17,0,0,0,1,5,2,0,0,2,1,0,0,2,1,1,0,0,3,5,0,1,0,5,0,8,0.976935776177595,"2>1",0.00558782555282305,0.6134738418873
"Bra021491",13892,9,8,58,7,6,3,9,142,13,5,0,45,35,11,53,1,28,14,9,24,20,3193,36,15,34,22,37,39,5,306,47,56,95,22,3,2,74,41,19,342,2,151,47,12,0,1,52,17,81,14,2,98,29,49,21,0,65,23,29,0.976538558769054,"2>1",0.00569296446857671,0.622542302630085
"Bra005127",26986,5,5,33,6,22,3,11,150,11,33,0,46,26,39,27,0,31,11,20,25,36,1384,19,41,28,26,34,57,22,62,8,48,24,58,20,3,48,2,6,92,1,59,39,9,0,2,36,4,6,14,0,58,7,8,10,1,47,13,45,0.976408603753252,"2>1",0.00579763366026192,0.631447056735124
"Bra016495",10859,35,25,32,126,63,18,44,57,70,85,0,15,195,55,69,2,92,208,69,37,25,1953,194,67,64,34,13,559,46,203,7,55,84,131,87,70,60,80,68,350,5,137,39,15,0,13,23,37,13,31,2,51,89,13,32,4,40,51,69,0.97604615432694,"2>1",0.00590319303242935,0.640275317060442
"Bra025235",16213,30,21,65,44,21,9,39,156,38,131,0,82,89,26,44,3,74,41,40,26,30,1428,67,65,46,46,35,71,69,21,5,65,52,63,35,10,138,68,25,33,10,167,33,16,0,32,120,69,20,45,16,175,47,14,28,15,119,59,64,0.975645390768134,"2>1",0.00600984861739719,0.649036271144492
"Bra000544",375,134,205,69,126,17,66,615,153,66,185,0,53,315,12,221,28,102,351,77,130,384,3669,358,151,239,581,41,489,175,195,36,51,96,24,38,102,91,120,2,124,59,145,39,6,0,152,74,86,6,31,35,77,205,1,57,104,74,143,7,0.973716645163629,"2>1",0.00612636302095451,0.658260775364697
"Bra100449",25919,10,0,9,12,260,6,18,2,6,10,0,3,16,619,0,0,7,35,71,4,0,3,12,7,3,3,15,34,7,5,2,27,15,665,15,12,18,36,328,2,6,30,15,233,0,11,8,39,11,33,12,25,40,61,31,14,17,50,22,0.972785322909134,"1>2",0.00624686767278258,0.66756109801243
"Bra022667",14562,5,0,1,9,10,0,2,1,13,14,0,0,19,8,10,0,1,5,50,6,1,0,3,5,4,0,461,5,11,2,0,1,13,8,4,0,1,5,2,2,1,1,7,5,0,10,1,13,1,5,4,0,5,6,8,2,0,4,2,0.972080398251789,"2>1",0.00637000820730205,0.676842659761535
"Bra035389",22481,494,340,620,708,514,214,844,1592,533,528,0,747,1224,574,550,44,525,545,462,417,731,8175,746,514,451,830,318,784,504,590,247,378,473,559,557,258,668,645,235,442,383,784,334,225,0,731,1065,753,256,634,387,792,521,222,295,312,786,694,994,0.970476056635563,"2>1",0.00650082140028022,0.686383538772538
"Bra019273",12597,46,80,32,137,23,34,76,55,98,75,0,60,249,45,118,5,41,125,33,70,135,1273,243,52,107,158,36,46,126,18,12,41,67,12,65,8,64,65,9,5,13,115,47,15,0,138,60,108,0,33,38,53,95,1,8,55,52,89,10,0.970370459406253,"2>1",0.00663075802496262,0.695675850441344
"Bra015272",10046,6,116,66,38,31,3,43,178,29,79,0,92,386,22,18,7,76,166,64,14,27,2635,117,69,26,70,128,41,51,12,3,71,9,36,10,52,112,31,15,46,44,117,9,17,0,90,69,39,22,13,38,74,54,3,6,116,99,65,28,0.969821079247105,"2>1",0.00676231200668291,0.704860024834067
"Bra027134",28800,1,10,36,6,6,3,26,286,10,125,0,34,26,5,12,2,40,64,6,11,15,2749,258,35,10,33,62,74,4,2,3,33,11,31,0,0,54,7,7,2,0,117,16,1,0,0,86,0,15,0,0,81,21,2,0,1,66,10,44,0.968622023442195,"2>1",0.00689906569863359,0.714120920056095
"Bra029034",32330,0,0,0,0,0,0,0,0,0,0,0,0,0,0,0,0,0,0,0,0,0,0,0,0,0,0,0,0,0,0,0,0,0,0,0,0,0,0,0,0,0,0,0,0,0,0,0,0,72,0,0,0,0,13,0,0,0,0,74,0.965918685036998,"2>1",0.00704924387136491,0.723864055020996
"Bra011496",7668,26,41,54,75,32,24,72,76,49,85,0,46,186,32,64,4,55,111,36,46,45,722,275,52,43,69,40,91,59,34,22,39,83,39,29,43,54,68,26,33,43,68,79,16,0,55,70,126,11,20,25,81,122,11,17,45,63,91,40,0.96581476465099,"2>1",0.00719834272563768,0.733303827288425
"Bra036306",23038,11,0,5,1,2,11,1,6,2,2,0,5,1,7,1,1,7,0,0,11,13,479,0,1,3,9,7,4,0,2,0,7,0,55,9,0,6,2,18,0,0,3,1,5,0,0,5,2,5,29,0,8,6,23,22,0,10,1,4,0.964878505757683,"2>1",0.00735092825305123,0.742670595382763
"Bra034571",22005,8,7,7,11,11,2,12,79,6,6,0,7,7,23,11,0,11,7,7,7,4,410,3,4,6,8,6,6,5,12,3,6,4,9,5,1,5,4,4,5,4,7,4,2,0,1,4,2,16,12,6,14,5,10,1,6,9,4,19,0.964132936923521,"2>1",0.00750590724665682,0.751900245369602
"Bra024477",15687,39,8,57,19,45,24,11,1420,8,8,0,48,25,32,43,1,30,14,24,40,38,8892,17,18,48,10,17,11,10,41,2,9,27,34,13,2,21,15,14,95,1,20,11,11,0,17,11,5,16,27,1,50,7,22,17,1,21,19,6,0.962984759285864,"2>1",0.00766541715729184,0.761083717508364
"Bra011814",7910,2,2,4,1,5,0,10,25,3,32,0,6,33,2,5,1,6,8,8,2,18,639,36,8,5,10,9,2,12,0,0,4,1,8,0,0,8,0,3,0,2,10,3,0,0,2,11,3,6,0,0,10,4,3,0,0,9,1,13,0.962566920650452,"2>1",0.00782545835187386,0.770027089668772
"Bra024336",28575,20,8,4,10,13,9,25,45,9,488,0,15,13,20,25,2,24,37,17,19,26,2269,106,122,26,42,50,78,27,26,5,14,14,12,11,10,11,41,37,13,10,16,14,42,0,22,11,27,66,5,13,20,28,49,4,4,18,42,16,0.962561249283388,"2>1",0.00798381820409171,0.778636988130237
"Bra012104",8108,36,15,30,51,14,11,41,69,36,27,0,47,61,25,25,4,36,39,16,7,35,623,54,33,33,42,40,56,56,14,28,25,14,21,43,5,52,54,15,6,9,85,17,9,0,93,43,45,30,36,31,45,41,25,19,6,76,46,49,0.96129100553914,"2>1",0.00814724999269155,0.787205727730543
"Bra014740",9740,1,30,0,9,0,1,43,12,2,20,0,0,44,2,5,13,1,45,0,8,74,1415,182,1,19,85,17,0,4,0,0,1,6,0,0,5,1,1,0,0,2,1,1,0,0,0,0,0,0,0,3,4,16,0,1,20,0,0,3,0.961010768023291,"2>1",0.00831043508255407,0.795502412975372
"Bra033563",29307,9,2,1,16,4,1,0,1,21,2,0,2,31,8,15,0,1,6,10,3,1,12,5,3,6,0,25,17,1,215,3,6,76,1,6,6,1,12,3,290,4,4,49,2,0,0,2,6,10,5,0,7,5,8,16,3,5,5,2,0.960125746377744,"1>2",0.00847656044328935,0.803656601625531
"Bra007544",27182,1,0,62,4,1,2,0,24,1,0,0,21,7,0,6,0,27,8,6,6,0,3,6,0,5,0,15,25,1,982,1,30,31,1,17,2,62,14,0,1209,0,200,11,0,0,0,49,0,3,16,0,95,7,1,13,0,24,6,1,0.960099049361218,"1>2",0.00864108604640711,0.811490889872322
"Bra011780",7885,110,22,167,25,48,40,37,174,9,38,0,154,33,54,87,2,129,34,34,84,23,1876,22,29,118,28,38,101,26,105,1,165,96,41,112,6,166,59,24,41,17,165,52,19,0,15,208,61,24,80,10,178,48,72,38,19,227,94,33,0.959591861611471,"2>1",0.00880653944402233,0.81910819208186
"Bra006416",4276,361,189,119,233,271,150,383,209,173,263,0,149,368,374,301,12,100,253,186,202,161,1419,231,463,312,229,123,476,283,285,130,121,123,359,202,112,210,200,273,221,128,186,115,121,0,176,200,300,114,99,96,250,135,168,77,58,259,308,596,0.959203498292015,"2>1",0.00897229054383561,0.826487945032553
"Bra035482",22533,10,4,2,2,473,13,7,3,0,5,0,1,0,656,0,0,4,0,40,0,3,1,2,23,24,6,4,4,3,2,3,2,5,752,4,2,1,0,380,1,2,6,0,548,0,0,2,2,2,0,0,5,0,59,0,1,7,0,10,0.958779152394126,"1>2",0.00913852021941313,0.833640259008148
"Bra028645",18380,262,326,331,927,123,95,505,995,749,708,0,382,1922,182,312,67,352,1103,195,317,373,13407,1372,330,566,700,157,1769,210,393,159,351,628,186,94,103,390,348,66,379,115,559,365,41,0,307,435,664,103,72,120,553,695,73,53,154,422,942,275,0.957985410824584,"2>1",0.00930711544482853,0.840629795181249
"Bra024400",28584,6,27,7,26,4,4,58,56,14,103,0,22,63,4,18,3,36,53,17,10,69,1397,97,20,9,68,5,15,21,52,0,17,43,5,20,14,47,28,4,24,1,86,12,0,0,45,70,14,2,6,5,25,41,0,12,13,25,37,4,0.956291712920189,"2>1",0.00948263162663967,0.847595593845435
"Bra026834",28771,10,21,30,11,18,12,60,93,10,39,0,45,59,15,31,3,45,37,22,25,40,1073,51,32,32,49,26,54,38,21,0,36,61,6,6,12,56,26,3,44,3,60,8,2,0,22,72,22,2,7,14,43,60,4,5,16,49,43,1,0.955521938459046,"2>1",0.00966027340285446,0.854374246401491
"Bra011687",27507,7,17,5,8,0,2,60,16,3,6,0,5,26,0,3,6,19,59,0,8,30,445,89,4,2,47,4,43,4,10,0,9,8,1,0,4,9,17,0,4,1,23,1,0,0,0,2,0,0,0,1,6,17,0,2,1,0,1,0,0.954758921948577,"2>1",0.00983997443643309,0.860962512486338
